{
    "ner": {
        "precision": 0.1808374733853797,
        "recall": 0.2710753649091451,
        "f1": 0.21694707444996936,
        "runtime_sec": 66.10268592834473,
        "memory_mb": 1508.984375,
        "model_size_mb": 14.525747299194336
    },
    "classification": {
        "precision": 0.87357099134679,
        "recall": 0.87,
        "f1": 0.8701138498897489,
        "runtime_sec": 34.94837999343872,
        "memory_mb": 168.15625,
        "model_size_mb": 14.525747299194336
    },
    "similarity": {
        "pearson": 0.2338063988649956,
        "runtime_sec": 38.41073703765869,
        "memory_mb": 105.1875,
        "model_size_mb": 14.525747299194336
    }
}