{
    "ner": {
        "precision": 0.19383821857408282,
        "recall": 0.29745946636027065,
        "f1": 0.23472128945601076,
        "runtime_sec": 83.83050799369812,
        "memory_mb": 1342.109375,
        "model_size_mb": 53.914597511291504
    },
    "classification": {
        "precision": 0.8715200218718219,
        "recall": 0.871,
        "f1": 0.8711806043336433,
        "runtime_sec": 36.94713497161865,
        "memory_mb": 606.96875,
        "model_size_mb": 53.914597511291504
    },
    "similarity": {
        "pearson": 0.4597313458491867,
        "runtime_sec": 39.45696687698364,
        "memory_mb": 242.65625,
        "model_size_mb": 53.914597511291504
    }
}