{
    "ner": {
        "precision": 0.1809355012714803,
        "recall": 0.2715706685172334,
        "f1": 0.21717615502011745,
        "runtime_sec": 33.54273319244385,
        "memory_mb": 406.09375,
        "model_size_mb": 14.525747299194336
    },
    "classification": {
        "precision": 0.061009,
        "recall": 0.247,
        "f1": 0.09784923817161188,
        "runtime_sec": 57.62847638130188,
        "memory_mb": 334.82421875,
        "model_size_mb": 14.525747299194336
    },
    "similarity": {
        "pearson": 0.21256651969832469,
        "runtime_sec": 77.26260924339294,
        "memory_mb": 335.703125,
        "model_size_mb": 14.525747299194336
    }
}