{
    "ner": {
        "precision": 0.2027267338470658,
        "recall": 0.3164469118667592,
        "f1": 0.24713214705085362,
        "runtime_sec": 50.00524091720581,
        "memory_mb": 983.2265625,
        "model_size_mb": 424.51133155822754
    },
    "classification": {
        "precision": 0.061009,
        "recall": 0.247,
        "f1": 0.09784923817161188,
        "runtime_sec": 76.45453238487244,
        "memory_mb": 911.0546875,
        "model_size_mb": 424.51133155822754
    },
    "similarity": {
        "pearson": 0.5200435550501615,
        "runtime_sec": 71.43813061714172,
        "memory_mb": 911.75,
        "model_size_mb": 424.51133155822754
    }
}