{
    "ner": {
        "precision": 0.23688773298656263,
        "recall": 0.3792505204718945,
        "f1": 0.29162219850586973,
        "runtime_sec": 354.21010279655457,
        "memory_mb": 1939.7421875,
        "model_size_mb": 477.51164627075195
    },
    "classification": {
        "precision": 0.055695999999999996,
        "recall": 0.236,
        "f1": 0.09012297734627832,
        "runtime_sec": 61.37214207649231,
        "memory_mb": 5821.859375,
        "model_size_mb": 477.51164627075195
    },
    "similarity": {
        "pearson": 0.02244161740281009,
        "runtime_sec": 378.29684686660767,
        "memory_mb": 2243.69921875,
        "model_size_mb": 477.51164627075195
    }
}