{
    "ner": {
        "precision": 0.2027267338470658,
        "recall": 0.3164469118667592,
        "f1": 0.24713214705085362,
        "runtime_sec": 47.00819492340088,
        "memory_mb": 1130.76953125,
        "model_size_mb": 424.51133155822754
    },
    "classification": {
        "precision": 0.8395919124260348,
        "recall": 0.834,
        "f1": 0.8335640059233534,
        "runtime_sec": 16.821714401245117,
        "memory_mb": 1788.08203125,
        "model_size_mb": 424.51133155822754
    },
    "similarity": {
        "pearson": 0.5200435550501615,
        "runtime_sec": 57.10757231712341,
        "memory_mb": 1050.64453125,
        "model_size_mb": 424.51133155822754
    }
}