{
    "ner": {
        "precision": 0.20283453471356566,
        "recall": 0.3185241925188306,
        "f1": 0.24784357874869617,
        "runtime_sec": 87.913733959198,
        "memory_mb": 1749.828125,
        "model_size_mb": 424.51133155822754
    },
    "classification": {
        "precision": 0.878603650195643,
        "recall": 0.8755,
        "f1": 0.8762438050839287,
        "runtime_sec": 35.9408278465271,
        "memory_mb": 785.34375,
        "model_size_mb": 424.51133155822754
    },
    "similarity": {
        "pearson": 0.5255134310484686,
        "runtime_sec": 38.81338381767273,
        "memory_mb": 358.71875,
        "model_size_mb": 424.51133155822754
    }
}