{
    "ner": {
        "precision": 0.1907540735126942,
        "recall": 0.291117279666898,
        "f1": 0.23048395219999082,
        "runtime_sec": 52.18107628822327,
        "memory_mb": 614.67578125,
        "model_size_mb": 53.914597511291504
    },
    "classification": {
        "precision": 0.061009,
        "recall": 0.247,
        "f1": 0.09784923817161188,
        "runtime_sec": 66.44092917442322,
        "memory_mb": 543.01953125,
        "model_size_mb": 53.914597511291504
    },
    "similarity": {
        "pearson": 0.44559999219724666,
        "runtime_sec": 52.873749017715454,
        "memory_mb": 543.6875,
        "model_size_mb": 53.914597511291504
    }
}