{
    "ner": {
        "precision": 0.1907540735126942,
        "recall": 0.291117279666898,
        "f1": 0.23048395219999082,
        "runtime_sec": 37.413360357284546,
        "memory_mb": 763.96875,
        "model_size_mb": 53.914597511291504
    },
    "classification": {
        "precision": 0.8401406267533384,
        "recall": 0.824,
        "f1": 0.8253614893694939,
        "runtime_sec": 13.306786060333252,
        "memory_mb": 1052.09765625,
        "model_size_mb": 53.914597511291504
    },
    "similarity": {
        "pearson": 0.44559999219724666,
        "runtime_sec": 51.27211880683899,
        "memory_mb": 692.67578125,
        "model_size_mb": 53.914597511291504
    }
}