{
    "ner": {
        "precision": 0.1809355012714803,
        "recall": 0.2715706685172334,
        "f1": 0.21717615502011745,
        "runtime_sec": 46.123852252960205,
        "memory_mb": 557.84765625,
        "model_size_mb": 14.525747299194336
    },
    "classification": {
        "precision": 0.8534518619026082,
        "recall": 0.849,
        "f1": 0.8483284951272873,
        "runtime_sec": 13.748100519180298,
        "memory_mb": 637.23828125,
        "model_size_mb": 14.525747299194336
    },
    "similarity": {
        "pearson": 0.21256651969832469,
        "runtime_sec": 50.528120040893555,
        "memory_mb": 481.94140625,
        "model_size_mb": 14.525747299194336
    }
}