{
    "ner": {
        "precision": 0.23599883378833258,
        "recall": 0.37890974084003576,
        "f1": 0.2908473247533808,
        "runtime_sec": 572.9103517532349,
        "memory_mb": 1565.453125,
        "model_size_mb": 477.51164627075195
    },
    "classification": {
        "precision": 0.0693005625,
        "recall": 0.26325,
        "f1": 0.10971789036216109,
        "runtime_sec": 109.16437292098999,
        "memory_mb": 3981.5625,
        "model_size_mb": 477.51164627075195
    },
    "similarity": {
        "pearson": 0.020709011103618117,
        "runtime_sec": 355.364679813385,
        "memory_mb": 1959.84375,
        "model_size_mb": 477.51164627075195
    }
}