{
    "ner": {
        "precision": 0.23599883378833258,
        "recall": 0.37890974084003576,
        "f1": 0.2908473247533808,
        "runtime_sec": 345.36253213882446,
        "memory_mb": 1249.328125,
        "model_size_mb": 477.51164627075195
    },
    "classification": {
        "precision": 0.0730350625,
        "recall": 0.27025,
        "f1": 0.11499320999803189,
        "runtime_sec": 79.96179986000061,
        "memory_mb": 579.546875,
        "model_size_mb": 477.51164627075195
    },
    "similarity": {
        "pearson": 0.020709011103618117,
        "runtime_sec": 177.10035300254822,
        "memory_mb": 254.390625,
        "model_size_mb": 477.51164627075195
    }
}