{
    "ner": {
        "precision": 0.20283453471356566,
        "recall": 0.3185241925188306,
        "f1": 0.24784357874869617,
        "runtime_sec": 82.54258394241333,
        "memory_mb": 1511.203125,
        "model_size_mb": 424.51133155822754
    },
    "classification": {
        "precision": 0.8864461971492289,
        "recall": 0.8855,
        "f1": 0.8856472842579922,
        "runtime_sec": 39.82099199295044,
        "memory_mb": 233.046875,
        "model_size_mb": 424.51133155822754
    },
    "similarity": {
        "pearson": 0.5255134310484686,
        "runtime_sec": 39.039021015167236,
        "memory_mb": 198.140625,
        "model_size_mb": 424.51133155822754
    }
}