{
    "ner": {
        "precision": 0.1808374733853797,
        "recall": 0.2710753649091451,
        "f1": 0.21694707444996936,
        "runtime_sec": 76.60796594619751,
        "memory_mb": 1119.21875,
        "model_size_mb": 14.525747299194336
    },
    "classification": {
        "precision": 0.8797830587684311,
        "recall": 0.8785,
        "f1": 0.8788563979691503,
        "runtime_sec": 34.53667712211609,
        "memory_mb": 118.1875,
        "model_size_mb": 14.525747299194336
    },
    "similarity": {
        "pearson": 0.2338063988649956,
        "runtime_sec": 38.42428803443909,
        "memory_mb": 85.4375,
        "model_size_mb": 14.525747299194336
    }
}