{
    "ner": {
        "precision": 0.1864406779661017,
        "recall": 0.2901912181303116,
        "f1": 0.2270240321351894,
        "runtime_sec": 18.310585975646973,
        "memory_mb": 1190.140625,
        "model_size_mb": 53.914597511291504
    },
    "similarity": {
        "pearson": NaN,
        "runtime_sec": 8.407943964004517,
        "memory_mb": 852.515625,
        "model_size_mb": 53.914597511291504
    },
    "classification": {
        "precision": 0.8527739032404852,
        "recall": 0.848421052631579,
        "f1": 0.8489029036409234,
        "runtime_sec": 56.694695234298706,
        "memory_mb": 903.0,
        "model_size_mb": 53.914597511291504
    }
}