{
    "ner": {
        "precision": 0.1782246879334258,
        "recall": 0.2730169971671388,
        "f1": 0.21566433566433565,
        "runtime_sec": 15.76712703704834,
        "memory_mb": 1004.5625,
        "model_size_mb": 14.525747299194336
    },
    "similarity": {
        "pearson": NaN,
        "runtime_sec": 7.511141061782837,
        "memory_mb": 934.359375,
        "model_size_mb": 14.525747299194336
    },
    "classification": {
        "precision": 0.8530631692484635,
        "recall": 0.8523684210526316,
        "f1": 0.8516198531960218,
        "runtime_sec": 59.4651780128479,
        "memory_mb": 420.1875,
        "model_size_mb": 14.525747299194336
    }
}