{
    "ner": {
        "precision": 0.17730525288664822,
        "recall": 0.26468803107550376,
        "f1": 0.21235878457343202,
        "runtime_sec": 71.79919242858887,
        "memory_mb": 1183.109375,
        "model_size_mb": 14.525747299194336
    },
    "similarity": {
        "pearson": 0.23380639350417481,
        "runtime_sec": 49.0237078666687,
        "memory_mb": 1005.234375,
        "model_size_mb": 14.525747299194336
    },
    "classification": {
        "precision": 0.8396212164944714,
        "recall": 0.8313157894736842,
        "f1": 0.8314227073192859,
        "runtime_sec": 90.67283987998962,
        "memory_mb": 1643.3359375,
        "model_size_mb": 14.525747299194336
    }
}