{
    "ner": {
        "precision": 0.20165562913907284,
        "recall": 0.3234773371104816,
        "f1": 0.24843622518357358,
        "runtime_sec": 18.326032161712646,
        "memory_mb": 1074.046875,
        "model_size_mb": 424.51133155822754
    },
    "similarity": {
        "pearson": NaN,
        "runtime_sec": 8.425261974334717,
        "memory_mb": 980.84375,
        "model_size_mb": 424.51133155822754
    },
    "classification": {
        "precision": 0.847274176986357,
        "recall": 0.8475,
        "f1": 0.8472667024959217,
        "runtime_sec": 56.534160137176514,
        "memory_mb": 1140.328125,
        "model_size_mb": 424.51133155822754
    }
}