{
    "ner": {
        "precision": 0.17730525288664822,
        "recall": 0.26468803107550376,
        "f1": 0.21235878457343202,
        "runtime_sec": 45.95437788963318,
        "memory_mb": 1080.390625,
        "model_size_mb": 14.525747299194336
    },
    "similarity": {
        "pearson": 0.2338063988649956,
        "runtime_sec": 30.44911813735962,
        "memory_mb": 977.28125,
        "model_size_mb": 14.525747299194336
    },
    "classification": {
        "precision": 0.8452460754234393,
        "recall": 0.8394736842105263,
        "f1": 0.8410002617347725,
        "runtime_sec": 68.23283100128174,
        "memory_mb": 551.171875,
        "model_size_mb": 14.525747299194336
    }
}