{
    "ner": {
        "precision": 0.1984518216128784,
        "recall": 0.31275795095897063,
        "f1": 0.24282550303944211,
        "runtime_sec": 62.960283279418945,
        "memory_mb": 1409.375,
        "model_size_mb": 424.51133155822754
    },
    "similarity": {
        "pearson": 0.5255134310484686,
        "runtime_sec": 42.87457489967346,
        "memory_mb": 1365.171875,
        "model_size_mb": 424.51133155822754
    },
    "classification": {
        "precision": 0.8533805660540965,
        "recall": 0.8511842105263158,
        "f1": 0.8509275679186903,
        "runtime_sec": 58.85217618942261,
        "memory_mb": 1603.0625,
        "model_size_mb": 424.51133155822754
    }
}