{
    "ner": {
        "precision": 0.17730525288664822,
        "recall": 0.26468803107550376,
        "f1": 0.21235878457343202,
        "runtime_sec": 68.76712346076965,
        "memory_mb": 1270.33203125,
        "model_size_mb": 14.525747299194336
    },
    "similarity": {
        "pearson": 0.23380639350417481,
        "runtime_sec": 46.713900089263916,
        "memory_mb": 1113.7109375,
        "model_size_mb": 14.525747299194336
    },
    "classification": {
        "precision": 0.8646579126847449,
        "recall": 0.8572368421052632,
        "f1": 0.8571715833291479,
        "runtime_sec": 78.60541105270386,
        "memory_mb": 1689.5546875,
        "model_size_mb": 14.525747299194336
    }
}