{
    "ner": {
        "precision": 0.19383821857408282,
        "recall": 0.29745946636027065,
        "f1": 0.23472128945601076,
        "runtime_sec": 82.29891991615295,
        "memory_mb": 1213.359375,
        "model_size_mb": 53.914597511291504
    },
    "classification": {
        "precision": 0.8724593613009918,
        "recall": 0.871,
        "f1": 0.871188419115673,
        "runtime_sec": 38.35590124130249,
        "memory_mb": 146.359375,
        "model_size_mb": 53.914597511291504
    },
    "similarity": {
        "pearson": 0.4597313458491867,
        "runtime_sec": 39.66594982147217,
        "memory_mb": 198.140625,
        "model_size_mb": 53.914597511291504
    }
}