{
    "ner": {
        "precision": 0.19047619047619047,
        "recall": 0.29157562515173585,
        "f1": 0.23042425114516632,
        "runtime_sec": 62.914535999298096,
        "memory_mb": 1319.203125,
        "model_size_mb": 53.914597511291504
    },
    "similarity": {
        "pearson": 0.4597313458491867,
        "runtime_sec": 43.04628920555115,
        "memory_mb": 909.015625,
        "model_size_mb": 53.914597511291504
    },
    "classification": {
        "precision": 0.8494629367009686,
        "recall": 0.8425,
        "f1": 0.8429467507781274,
        "runtime_sec": 59.03459692001343,
        "memory_mb": 1333.0625,
        "model_size_mb": 53.914597511291504
    }
}