{
    "ner": {
        "precision": 0.19047619047619047,
        "recall": 0.29157562515173585,
        "f1": 0.23042425114516632,
        "runtime_sec": 76.30279088020325,
        "memory_mb": 1478.8671875,
        "model_size_mb": 53.914597511291504
    },
    "similarity": {
        "pearson": 0.4597313548974117,
        "runtime_sec": 52.66604137420654,
        "memory_mb": 1483.3125,
        "model_size_mb": 53.914597511291504
    },
    "classification": {
        "precision": 0.8635115569518551,
        "recall": 0.8609210526315789,
        "f1": 0.8618150785948884,
        "runtime_sec": 127.87416458129883,
        "memory_mb": 2086.57421875,
        "model_size_mb": 53.914597511291504
    }
}