{
    "ner": {
        "precision": 0.1984518216128784,
        "recall": 0.31275795095897063,
        "f1": 0.24282550303944211,
        "runtime_sec": 100.90750741958618,
        "memory_mb": 1849.76171875,
        "model_size_mb": 424.51133155822754
    },
    "similarity": {
        "pearson": 0.5255134256733022,
        "runtime_sec": 72.65578317642212,
        "memory_mb": 2226.01171875,
        "model_size_mb": 424.51133155822754
    },
    "classification": {
        "precision": 0.8659067718497611,
        "recall": 0.8664473684210526,
        "f1": 0.8657301645316294,
        "runtime_sec": 137.50201749801636,
        "memory_mb": 1661.05859375,
        "model_size_mb": 424.51133155822754
    }
}