{
    "ner": {
        "precision": 0.23226687919845154,
        "recall": 0.37144938091769847,
        "f1": 0.2858143607705779,
        "runtime_sec": 625.9220390319824,
        "memory_mb": 2934.9765625,
        "model_size_mb": 477.51164627075195
    },
    "similarity": {
        "pearson": 0.9812854030617211,
        "runtime_sec": 324.45383858680725,
        "memory_mb": 1775.27734375,
        "model_size_mb": 1358.132423400879
    },
    "classification": {
        "precision": 0.9311468224848817,
        "recall": 0.9301315789473684,
        "f1": 0.9303254626197194,
        "runtime_sec": 416.0624225139618,
        "memory_mb": 3580.80859375,
        "model_size_mb": 492.25169467926025
    }
}